TotalEpisodes,TotalSteps,AverageStepsPerEpisode,AverageRewardPerEpisode,HighestReward, ConvergenceQValue, ExplorationRate
1,194,194,175,175,0.7063032,0.1423077
2,350,175,157.5,175,0.5917717,0.1
3,505,168.3333,126.6667,175,0.5870163,0.1
4,660,165,115.25,175,0.6033973,0.1
5,816,163.2,121.8,175,0.58613,0.1
6,971,161.8333,92.33334,175,0.5900698,0.1
7,1127,161,102.5714,175,0.5600722,0.1
8,1282,160.25,96.875,175,0.554562,0.1
9,1437,159.6667,96.88889,175,0.5531746,0.1
10,1592,159.2,89.7,175,0.5694923,0.1
11,1744,158.5455,73.54546,175,0.5815387,0.1
12,1900,158.3333,77.75,175,0.5893082,0.1
13,2054,158,81.46154,175,0.5657532,0.1
14,2210,157.8571,75.35714,175,0.5735472,0.1
15,2365,157.6667,77.86667,175,0.5713614,0.1
16,2518,157.375,75.6875,175,0.5733278,0.1
17,2672,157.1765,66.88235,175,0.5790637,0.1
18,2827,157.0556,65.88889,175,0.568635,0.1
19,2977,156.6842,59.57895,175,0.5606655,0.1
20,3084,154.2,53.85,175,0.5576277,0.1
21,3185,151.6667,50.47619,175,0.5535852,0.1
22,3284,149.2727,46.40909,175,0.555017,0.1
23,3377,146.8261,42.26087,175,0.5531557,0.1
24,3471,144.625,37.91667,175,0.545731,0.1
25,3566,142.64,35,175,0.5438871,0.1
26,3668,141.0769,32.19231,175,0.5417477,0.1
27,3769,139.5926,28.88889,175,0.5383795,0.1
28,3858,137.7857,25.96428,175,0.5337446,0.1
29,3958,136.4828,23.27586,175,0.530966,0.1
30,4054,135.1333,20.9,175,0.528914,0.1
31,4151,133.9032,16.96774,175,0.5306194,0.1
32,4245,132.6563,14.5,175,0.5278561,0.1
33,4338,131.4545,12.81818,175,0.5249829,0.1
34,4432,130.3529,11.79412,175,0.5185987,0.1
35,4526,129.3143,10.37143,175,0.5114536,0.1
36,4616,128.2222,8.694445,175,0.5115324,0.1
37,4705,127.1622,7.891892,175,0.5072905,0.1
38,4794,126.1579,6.710526,175,0.5038936,0.1
39,4882,125.1795,5.923077,175,0.4954983,0.1
40,4965,124.125,5,175,0.4905856,0.1
41,5048,123.1219,4.902439,175,0.4876203,0.1
42,5133,122.2143,2.666667,175,0.4913988,0.1
43,5219,121.3721,1.348837,175,0.4870174,0.1
44,5295,120.3409,1.045455,175,0.4840049,0.1
45,5379,119.5333,0.5777778,175,0.4810403,0.1
46,5460,118.6957,0.9782609,175,0.4763712,0.1
47,5542,117.9149,0.4042553,175,0.4751244,0.1
48,5624,117.1667,-0.4791667,175,0.4706539,0.1
49,5706,116.449,-1.163265,175,0.4682787,0.1
50,5786,115.72,-1.62,175,0.4684241,0.1
51,5868,115.0588,-1.627451,175,0.4661901,0.1
52,5948,114.3846,-1.75,175,0.4645426,0.1
53,6025,113.6792,-1.886792,175,0.4654708,0.1
54,6103,113.0185,-2.555556,175,0.4630368,0.1
55,6181,112.3818,-3.2,175,0.4633146,0.1
56,6259,111.7679,-4.392857,175,0.4618463,0.1
57,6330,111.0526,-4.929824,175,0.4607296,0.1
58,6407,110.4655,-5,175,0.459416,0.1
59,6487,109.9492,-5.457627,175,0.4592614,0.1
60,6565,109.4167,-6,175,0.4581858,0.1
61,6644,108.918,-6.344262,175,0.4558224,0.1
62,6722,108.4194,-6.725806,175,0.4544032,0.1
63,6802,107.9683,-7.634921,175,0.4544873,0.1
64,6881,107.5156,-8.3125,175,0.4562816,0.1
65,6957,107.0308,-9.353847,175,0.4564928,0.1
66,7041,106.6818,-9.757576,175,0.4534471,0.1
67,7123,106.3134,-10.35821,175,0.4507148,0.1
68,7205,105.9559,-10.70588,175,0.450131,0.1
69,7287,105.6087,-10.81159,175,0.4484936,0.1
70,7368,105.2571,-11.52857,175,0.4488978,0.1
71,7448,104.9014,-11.47887,175,0.4481636,0.1
72,7530,104.5833,-11.56944,175,0.4466292,0.1
73,7608,104.2192,-11.49315,175,0.4462883,0.1
74,7647,103.3378,-11.7027,175,0.4433737,0.1
75,7710,102.8,-11.58667,175,0.4413809,0.1
76,7783,102.4079,-11.81579,175,0.4403802,0.1
77,7856,102.026,-11.72727,175,0.4400113,0.1
78,7924,101.5897,-11.73077,175,0.4388893,0.1
79,7990,101.1392,-12.11392,175,0.4394027,0.1
80,8065,100.8125,-11.95,175,0.4386867,0.1
81,8140,100.4938,-12.18519,175,0.43898,0.1
82,8215,100.1829,-12.02439,175,0.435447,0.1
83,8289,99.86747,-12.19277,175,0.4350871,0.1
84,8358,99.5,-12.91667,175,0.4355879,0.1
85,8430,99.17647,-12.76471,175,0.4344909,0.1
86,8502,98.86047,-12.7093,175,0.4341059,0.1
87,8561,98.4023,-12.73563,175,0.4323335,0.1
88,8631,98.07954,-13.38636,175,0.433971,0.1
89,8697,97.7191,-13.79775,175,0.4326221,0.1
90,8769,97.43333,-13.64444,175,0.4302648,0.1
91,8831,97.04395,-13.12088,175,0.4296667,0.1
92,8890,96.63043,-13.57609,175,0.4282228,0.1
93,8957,96.31183,-13.5914,175,0.4251762,0.1
94,9022,95.97872,-13.75532,175,0.425431,0.1
95,9090,95.68421,-13.90526,175,0.4249585,0.1
96,9158,95.39584,-14.21875,175,0.4247614,0.1
97,9220,95.05154,-14.46392,175,0.4253924,0.1
98,9288,94.77551,-14.60204,175,0.4253281,0.1
99,9353,94.47475,-14.42424,175,0.4243663,0.1
100,9419,94.19,-14.14,175,0.4227935,0.1
101,9485,93.91089,-14.41584,175,0.4232383,0.1
102,9550,93.62745,-14.48039,175,0.4235581,0.1
103,9616,93.35922,-14.82524,175,0.4224779,0.1
104,9681,93.08654,-14.65385,175,0.421676,0.1
105,9747,92.82858,-14.8381,175,0.4192162,0.1
106,9804,92.49056,-14.82076,175,0.4183699,0.1
107,9869,92.23364,-15.1028,175,0.4178003,0.1
108,9924,91.88889,-15.21296,175,0.4159032,0.1
109,9976,91.52293,-15.18349,175,0.4150621,0.1
110,10036,91.23637,-15.15455,175,0.4137072,0.1
111,10100,90.99099,-14.87387,175,0.4131092,0.1
112,10165,90.75893,-15.14286,175,0.4137116,0.1
113,10232,90.54868,-14.85841,175,0.4128284,0.1
114,10297,90.32456,-14.5614,175,0.4117818,0.1
115,10360,90.08696,-14.6,175,0.4117339,0.1
116,10426,89.87931,-14.62931,175,0.4110755,0.1
117,10487,89.63248,-14.51282,175,0.4109959,0.1
118,10549,89.39831,-14.91525,175,0.4119492,0.1
119,10609,89.15126,-14.82353,175,0.4103394,0.1
120,10670,88.91666,-14.575,175,0.4096434,0.1
121,10730,88.67769,-14.75207,175,0.4097619,0.1
122,10790,88.44262,-14.59836,175,0.4084424,0.1
123,10849,88.20325,-14.47154,175,0.4080343,0.1
124,10907,87.95968,-14.5,175,0.4077731,0.1
125,10963,87.704,-14.512,175,0.4084071,0.1
126,11018,87.44444,-14.6746,175,0.4067664,0.1
127,11078,87.22835,-14.71654,175,0.4073818,0.1
128,11135,86.99219,-14.70313,175,0.4068086,0.1
129,11193,86.76744,-14.54264,175,0.4059506,0.1
130,11248,86.52308,-14.51538,175,0.4068852,0.1
131,11306,86.30534,-14.78626,175,0.4078359,0.1
132,11365,86.09849,-14.9697,175,0.4092266,0.1
133,11422,85.8797,-15.01504,175,0.408091,0.1
134,11482,85.68657,-14.87313,175,0.4075142,0.1
135,11534,85.43703,-14.79259,175,0.4075017,0.1
136,11591,85.22794,-14.83823,175,0.4070967,0.1
137,11649,85.0292,-14.68613,175,0.4055059,0.1
138,11704,84.81159,-14.77536,175,0.404862,0.1
139,11761,84.61151,-14.76259,175,0.4049379,0.1
140,11818,84.41428,-14.86429,175,0.4052956,0.1
141,11866,84.15603,-14.75887,175,0.4036595,0.1
142,11916,83.91549,-14.61268,175,0.402648,0.1
143,11967,83.68532,-14.5035,175,0.4023455,0.1
144,12021,83.47916,-14.33333,175,0.4027034,0.1
145,12080,83.31035,-14.22759,175,0.4022555,0.1
146,12138,83.13699,-14.08904,175,0.4031637,0.1
147,12192,82.93877,-13.87075,175,0.4022929,0.1
148,12237,82.68243,-13.56757,175,0.4004104,0.1
149,12287,82.46309,-13.32886,175,0.4000476,0.1
150,12341,82.27333,-13.17333,175,0.3999803,0.1
151,12391,82.0596,-12.88742,175,0.4003788,0.1
152,12443,81.86184,-12.67105,175,0.4003985,0.1
153,12496,81.6732,-12.96078,175,0.4014501,0.1
154,12546,81.46753,-12.83766,175,0.401604,0.1
155,12597,81.27097,-12.69677,175,0.4021266,0.1
156,12647,81.07051,-12.9359,175,0.4031255,0.1
157,12697,80.87261,-13.07006,175,0.402223,0.1
158,12747,80.67722,-12.5443,175,0.4030725,0.1
159,12789,80.43396,-12.47799,175,0.4023252,0.1
160,12831,80.19375,-12.2125,175,0.4029905,0.1
161,12876,79.97516,-11.9441,175,0.4012297,0.1
162,12925,79.78395,-11.85185,175,0.4010611,0.1
163,12974,79.59509,-11.90798,175,0.4011143,0.1
164,13023,79.40854,-12.15854,175,0.4023243,0.1
165,13072,79.22424,-11.9697,175,0.4025309,0.1
166,13121,79.04217,-11.87952,175,0.4032496,0.1
167,13169,78.85629,-11.9521,175,0.4039561,0.1
168,13217,78.67262,-11.7381,175,0.4039453,0.1
169,13266,78.49704,-11.50888,175,0.4048228,0.1
170,13310,78.29412,-11.60588,175,0.4060027,0.1
171,13359,78.12281,-11.47368,175,0.4066451,0.1
172,13406,77.94186,-11.19186,175,0.4070011,0.1
173,13452,77.75723,-11.02312,175,0.4057645,0.1
174,13496,77.56322,-10.79885,175,0.4043017,0.1
175,13534,77.33714,-10.90857,175,0.4046389,0.1
176,13570,77.10227,-10.73295,175,0.4036973,0.1
177,13616,76.92655,-10.57062,175,0.4025505,0.1
178,13661,76.74719,-10.20225,175,0.4033765,0.1
179,13706,76.56983,-10.01676,175,0.4028764,0.1
180,13750,76.38889,-10.16111,175,0.4029508,0.1
181,13795,76.21547,-10.1105,175,0.40189,0.1
182,13837,76.02747,-10.10989,175,0.4016613,0.1
183,13880,75.84699,-10.0929,175,0.4016753,0.1
184,13916,75.63043,-9.929348,175,0.3999912,0.1
185,13957,75.44324,-9.902702,175,0.3995662,0.1
186,14000,75.26881,-9.672043,175,0.3993151,0.1
187,14039,75.07487,-9.679145,175,0.3989122,0.1
188,14080,74.89362,-9.696809,175,0.3992021,0.1
189,14123,74.72487,-9.555555,175,0.3982264,0.1
190,14166,74.55789,-9.668421,175,0.3975344,0.1
191,14210,74.3979,-9.638743,175,0.3982043,0.1
192,14253,74.23438,-9.708333,175,0.3989891,0.1
193,14293,74.05699,-9.61658,175,0.3988027,0.1
194,14334,73.8866,-9.427835,175,0.3993806,0.1
195,14369,73.68718,-9.333333,175,0.3986242,0.1
196,14408,73.5102,-9.178572,175,0.3976429,0.1
197,14450,73.35025,-8.979695,175,0.3983769,0.1
198,14493,73.19697,-8.848485,175,0.3981325,0.1
199,14536,73.04523,-8.718593,175,0.3977886,0.1
200,14580,72.9,-8.775,175,0.398394,0.1
201,14622,72.74627,-8.582089,175,0.3980502,0.1
202,14659,72.56931,-8.346535,175,0.3980018,0.1
203,14702,72.42365,-8.339902,175,0.3967688,0.1
204,14744,72.27451,-8.269608,175,0.3959454,0.1
205,14788,72.13659,-8.287805,175,0.3962081,0.1
206,14831,71.99515,-8.126214,175,0.395216,0.1
207,14875,71.8599,-7.951691,175,0.3947183,0.1
208,14919,71.72596,-7.740385,175,0.3946429,0.1
209,14959,71.57417,-7.741627,175,0.3941203,0.1
210,14996,71.40952,-7.595238,175,0.3933724,0.1
211,15039,71.27488,-7.630332,175,0.3931467,0.1
212,15080,71.13207,-7.693396,175,0.3926605,0.1
213,15119,70.98122,-7.633803,175,0.3920305,0.1
214,15158,70.83178,-7.574766,175,0.3917089,0.1
215,15200,70.69768,-7.139535,175,0.3911597,0.1
216,15240,70.55556,-6.958333,175,0.3915668,0.1
217,15280,70.41475,-6.926267,175,0.3915764,0.1
218,15321,70.27982,-6.880734,175,0.3903646,0.1
219,15361,70.14156,-6.739726,175,0.3893744,0.1
220,15403,70.01363,-6.718182,175,0.3892488,0.1
221,15444,69.88235,-6.782805,175,0.3884121,0.1
222,15485,69.75225,-6.63063,175,0.3872534,0.1
223,15525,69.61884,-6.600897,175,0.3876256,0.1
224,15565,69.48661,-6.571429,175,0.3874256,0.1
225,15606,69.36,-6.742222,175,0.3878861,0.1
226,15643,69.21681,-6.716814,175,0.3879007,0.1
227,15675,69.05286,-6.581498,175,0.3865071,0.1
228,15715,68.92544,-6.447369,175,0.3858258,0.1
229,15755,68.79913,-6.349345,175,0.3848377,0.1
230,15795,68.67391,-6.321739,175,0.3844399,0.1
231,15835,68.54978,-6.294372,175,0.384408,0.1
232,15874,68.42242,-6.314655,175,0.3844265,0.1
233,15913,68.29613,-6.403433,175,0.3853161,0.1
234,15953,68.17522,-6.17094,175,0.3856758,0.1
235,15993,68.05532,-6.076596,175,0.3847733,0.1
236,16033,67.93644,-6.016949,175,0.3844894,0.1
237,16073,67.81857,-5.957806,175,0.3839151,0.1
238,16114,67.70588,-5.819328,175,0.384089,0.1
239,16154,67.58996,-5.861925,175,0.3835011,0.1
240,16195,67.47916,-5.891667,175,0.3833046,0.1
241,16235,67.36514,-5.966805,175,0.3838789,0.1
242,16274,67.24793,-5.88843,175,0.3842017,0.1
243,16310,67.11934,-5.880659,175,0.3843176,0.1
244,16348,67,-5.782787,175,0.3845813,0.1
245,16386,66.88163,-5.587755,175,0.3855577,0.1
246,16423,66.76016,-5.471545,175,0.3852667,0.1
247,16461,66.64372,-5.473684,175,0.385124,0.1
248,16498,66.52419,-5.423387,175,0.3854235,0.1
249,16535,66.40562,-5.46988,175,0.3848769,0.1
250,16572,66.288,-5.42,175,0.3849036,0.1
251,16608,66.16733,-5.446215,175,0.3847235,0.1
252,16645,66.05159,-5.269841,175,0.3856612,0.1
253,16681,65.93281,-5.201581,175,0.3851263,0.1
254,16719,65.82284,-5.07874,175,0.3841059,0.1
255,16755,65.70588,-4.949019,175,0.3836973,0.1
256,16791,65.58984,-4.851563,175,0.3832627,0.1
257,16828,65.4786,-4.929961,175,0.3838893,0.1
258,16864,65.36434,-4.895349,175,0.3833319,0.1
259,16900,65.25097,-4.953668,175,0.3827885,0.1
260,16935,65.13461,-4.776923,175,0.3826847,0.1
261,16970,65.01916,-4.724138,175,0.3823818,0.1
262,17006,64.90839,-4.660306,175,0.3819477,0.1
263,17041,64.79468,-4.486692,175,0.3819609,0.1
264,17078,64.68939,-4.534091,175,0.381734,0.1
265,17113,64.57736,-4.543396,175,0.3814913,0.1
266,17149,64.46992,-4.571429,175,0.3811107,0.1
267,17180,64.34457,-4.445693,175,0.3810681,0.1
268,17214,64.23135,-4.496269,175,0.3813844,0.1
269,17249,64.12267,-4.505576,175,0.3809955,0.1
270,17270,63.96296,-4.522222,175,0.3801836,0.1
271,17284,63.7786,-4.586716,175,0.378442,0.1
272,17303,63.61397,-4.566176,175,0.3778424,0.1
273,17335,63.49817,-4.54945,175,0.3777975,0.1
274,17369,63.39051,-4.394161,175,0.3773289,0.1
275,17406,63.29454,-4.527273,175,0.3773777,0.1
276,17442,63.19565,-4.467391,175,0.3779489,0.1
277,17475,63.08664,-4.440433,175,0.3774798,0.1
278,17510,62.98561,-4.276978,175,0.3780051,0.1
279,17548,62.89606,-4.082437,175,0.378298,0.1
280,17584,62.8,-3.967857,175,0.3772093,0.1
281,17621,62.70818,-3.786477,175,0.3774593,0.1
282,17659,62.62057,-3.70922,175,0.377149,0.1
283,17696,62.53004,-3.586572,175,0.3777283,0.1
284,17733,62.44014,-3.521127,175,0.3775892,0.1
285,17770,62.35088,-3.48421,175,0.3770179,0.1
286,17805,62.25525,-3.412587,175,0.377276,0.1
287,17841,62.16376,-3.498258,175,0.3777942,0.1
288,17878,62.07639,-3.434028,175,0.3768604,0.1
289,17914,61.98616,-3.380623,175,0.3768549,0.1
290,17950,61.89655,-3.272414,175,0.3759914,0.1
291,17987,61.811,-3.182131,175,0.376261,0.1
292,18024,61.72603,-3.202055,175,0.3759808,0.1
293,18059,61.63481,-3.324232,175,0.3761944,0.1
294,18090,61.53061,-3.377551,175,0.376397,0.1
295,18127,61.44746,-3.39661,175,0.3758923,0.1
296,18161,61.35473,-3.418919,175,0.3759275,0.1
297,18197,61.26936,-3.286195,175,0.3765217,0.1
298,18233,61.18456,-3.395973,175,0.3765946,0.1
299,18270,61.10368,-3.494983,175,0.3772996,0.1
300,18308,61.02667,-3.476667,175,0.3775456,0.1
301,18345,60.94684,-3.415282,175,0.3777454,0.1
302,18382,60.86755,-3.32947,175,0.3771162,0.1
303,18418,60.78548,-3.331683,175,0.3762785,0.1
304,18451,60.69408,-3.310855,175,0.3759735,0.1
305,18488,60.61639,-3.355738,175,0.3761389,0.1
306,18524,60.53595,-3.383987,175,0.3766316,0.1
307,18560,60.45602,-3.333876,175,0.3758567,0.1
308,18597,60.37987,-3.274351,175,0.3755111,0.1
309,18632,60.29773,-3.312298,175,0.3755105,0.1
310,18660,60.19355,-3.391936,175,0.3760816,0.1
311,18691,60.09968,-3.287781,175,0.3760372,0.1
312,18727,60.02243,-3.161859,175,0.3766965,0.1
313,18762,59.94249,-3.22524,175,0.3765647,0.1
314,18798,59.86624,-3.100318,175,0.3761538,0.1
315,18833,59.7873,-2.960317,175,0.3764737,0.1
316,18868,59.70886,-3.023734,175,0.3767945,0.1
317,18903,59.63092,-2.985804,175,0.3760822,0.1
318,18939,59.5566,-2.938679,175,0.3766256,0.1
319,18973,59.47649,-2.835423,175,0.3764262,0.1
320,19008,59.4,-2.698437,175,0.3763682,0.1
321,19042,59.32087,-2.596573,175,0.3760732,0.1
322,19075,59.23913,-2.504658,175,0.376,0.1
323,19109,59.16099,-2.329721,175,0.3758115,0.1
324,19143,59.08333,-2.279321,175,0.37539,0.1
325,19175,59,-2.296923,175,0.3750357,0.1
326,19210,58.92638,-2.31135,175,0.374505,0.1
327,19240,58.83792,-2.126911,175,0.3742217,0.1
328,19271,58.75305,-2.056402,175,0.374451,0.1
329,19307,58.68389,-2.037994,175,0.3744519,0.1
330,19342,58.61212,-2.004545,175,0.3742357,0.1
331,19376,58.53777,-2.004532,175,0.3745394,0.1
332,19410,58.46386,-2.004518,175,0.3738856,0.1
333,19444,58.39039,-2.004504,175,0.3740729,0.1
334,19478,58.31736,-1.860778,175,0.3747246,0.1
335,19511,58.24179,-1.91791,175,0.3741421,0.1
336,19545,58.16964,-1.941964,175,0.3734092,0.1
337,19578,58.09496,-1.761128,175,0.3733855,0.1
338,19610,58.01775,-1.732249,175,0.3736026,0.1
339,19643,57.94395,-1.647493,175,0.373912,0.1
340,19676,57.87059,-1.633824,175,0.3743436,0.1
341,19709,57.79765,-1.760997,175,0.3748544,0.1
342,19741,57.72222,-1.662281,175,0.3743099,0.1
343,19774,57.65015,-1.602041,175,0.3741372,0.1
344,19803,57.56686,-1.600291,175,0.3739557,0.1
345,19835,57.49275,-1.734783,175,0.373862,0.1
346,19868,57.42197,-1.767341,175,0.3735957,0.1
347,19900,57.3487,-1.716138,175,0.3733104,0.1
348,19932,57.27586,-1.688218,175,0.3733235,0.1
349,19964,57.20344,-1.706304,175,0.3726767,0.1
350,19996,57.13143,-1.747143,175,0.373002,0.1
351,20024,57.04843,-1.730769,175,0.3734221,0.1
352,20056,56.97727,-1.725852,175,0.3727306,0.1
353,20088,56.90652,-1.720963,175,0.3721636,0.1
354,20120,56.83616,-1.783898,175,0.3721293,0.1
355,20151,56.76338,-1.764789,175,0.3720606,0.1
356,20181,56.6882,-1.776685,175,0.3722587,0.1
357,20213,56.61905,-1.704482,175,0.372574,0.1
358,20245,56.55028,-1.76676,175,0.3728065,0.1
359,20276,56.47911,-1.859331,175,0.3732369,0.1
360,20306,56.40556,-1.781944,175,0.3732029,0.1
361,20335,56.32964,-1.779778,175,0.3728338,0.1
362,20366,56.25967,-1.827348,175,0.372976,0.1
363,20398,56.19284,-1.844353,175,0.3731754,0.1
364,20428,56.12088,-1.899725,175,0.372849,0.1
365,20460,56.05479,-1.916438,175,0.3728333,0.1
366,20490,55.98361,-1.905738,175,0.3729163,0.1
367,20521,55.91553,-1.799728,175,0.3727222,0.1
368,20552,55.84783,-1.78125,175,0.3732178,0.1
369,20584,55.7832,-1.754743,175,0.3738134,0.1
370,20615,55.71622,-1.714865,175,0.3734432,0.1
371,20646,55.6496,-1.567385,175,0.3735841,0.1
372,20675,55.57796,-1.501344,175,0.3733584,0.1
373,20706,55.51207,-1.505362,175,0.3736193,0.1
374,20737,55.44653,-1.509358,175,0.3739827,0.1
375,20767,55.37867,-1.478667,175,0.3736809,0.1
376,20798,55.31383,-1.567819,175,0.3735419,0.1
377,20828,55.24669,-1.473475,175,0.3731943,0.1
378,20857,55.17725,-1.51455,175,0.3727924,0.1
379,20888,55.11346,-1.476253,175,0.3729206,0.1
380,20919,55.05,-1.438158,175,0.3728529,0.1
381,20948,54.98163,-1.41601,175,0.3729804,0.1
382,20978,54.91623,-1.42801,175,0.3724923,0.1
383,21008,54.85117,-1.439948,175,0.3724015,0.1
384,21039,54.78906,-1.464844,175,0.3719387,0.1
385,21070,54.72727,-1.364935,175,0.3722525,0.1
386,21100,54.66321,-1.376943,175,0.3724796,0.1
387,21131,54.60207,-1.401809,175,0.3728187,0.1
388,21162,54.54124,-1.323454,175,0.3726006,0.1
389,21191,54.47558,-1.302057,175,0.3724883,0.1
390,21220,54.41026,-1.239744,175,0.3720582,0.1
391,21250,54.34783,-1.190537,175,0.3719521,0.1
392,21280,54.28571,-1.100765,175,0.3717709,0.1
393,21310,54.22392,-1.113232,175,0.371743,0.1
394,21340,54.16244,-1.085025,175,0.3714938,0.1
395,21370,54.10126,-0.9759493,175,0.3716859,0.1
396,21400,54.04041,-0.9078283,175,0.3712834,0.1
397,21431,53.98237,-0.9534005,175,0.3710126,0.1
398,21461,53.92211,-0.9459799,175,0.371197,0.1
399,21492,53.86466,-0.9310777,175,0.3709079,0.1
400,21522,53.805,-0.84375,175,0.3710159,0.1
401,21553,53.74813,-0.8890274,175,0.3705429,0.1
402,21584,53.69154,-0.9738806,175,0.3707615,0.1
403,21615,53.63523,-0.9193549,175,0.3702192,0.1
404,21646,53.57921,-0.845297,175,0.3704288,0.1
405,21674,53.51605,-0.8728395,175,0.3704054,0.1
406,21706,53.46305,-0.752463,175,0.3701292,0.1
407,21738,53.41032,-0.7702703,175,0.3702923,0.1
408,21770,53.35784,-0.7683824,175,0.3707094,0.1
409,21801,53.30318,-0.7933986,175,0.3704813,0.1
410,21833,53.25122,-0.7329268,175,0.3700008,0.1
411,21860,53.18735,-0.7092457,175,0.3700625,0.1
412,21890,53.13107,-0.6832525,175,0.3700577,0.1
413,21922,53.0799,-0.7590799,175,0.3702309,0.1
414,21952,53.02415,-0.7137681,175,0.3704384,0.1
415,21983,52.97108,-0.6036144,175,0.3705469,0.1
416,22014,52.91827,-0.5709134,175,0.3703322,0.1
417,22045,52.86571,-0.5191846,175,0.3705502,0.1
418,22076,52.8134,-0.4485646,175,0.3705045,0.1
419,22107,52.76134,-0.4164678,175,0.3707129,0.1
420,22136,52.70476,-0.4178571,175,0.3709048,0.1
421,22167,52.65321,-0.4619952,175,0.3712576,0.1
422,22198,52.60189,-0.3542654,175,0.3712047,0.1
423,22228,52.54846,-0.4243499,175,0.3711908,0.1
424,22259,52.49764,-0.4115566,175,0.3711926,0.1
425,22290,52.44706,-0.3423529,175,0.3714494,0.1
426,22320,52.39437,-0.3931925,175,0.3715635,0.1
427,22349,52.33958,-0.3758782,175,0.3713148,0.1
428,22376,52.28037,-0.3913551,175,0.3709644,0.1
429,22406,52.22844,-0.4044289,175,0.3710566,0.1
430,22436,52.17674,-0.3988372,175,0.370709,0.1
431,22466,52.12529,-0.3932715,175,0.3710449,0.1
432,22496,52.07407,-0.4247685,175,0.371249,0.1
433,22527,52.02541,-0.3937644,175,0.3710311,0.1
434,22557,51.97466,-0.2960829,175,0.3711786,0.1
435,22586,51.92184,-0.316092,175,0.3709361,0.1
436,22615,51.86927,-0.2626147,175,0.3702499,0.1
437,22645,51.81922,-0.1475973,175,0.3705552,0.1
438,22675,51.76941,-0.1061644,175,0.3702331,0.1
439,22704,51.71754,-0.1628702,175,0.3699403,0.1
440,22733,51.66591,-0.09204546,175,0.3694888,0.1
441,22762,51.61451,-0.05782313,175,0.3695191,0.1
442,22791,51.56335,-0.05995475,175,0.3691567,0.1
443,22820,51.51242,-0.007900678,175,0.3683841,0.1
444,22848,51.45946,0.001126126,175,0.3684665,0.1
445,22877,51.40899,0.03483146,175,0.3682775,0.1
446,22905,51.3565,-0.0280269,175,0.368549,0.1
447,22934,51.30649,-0.08389262,175,0.3686227,0.1
448,22963,51.25669,-0.06808036,175,0.3684273,0.1
449,22991,51.2049,-0.05902005,175,0.3684506,0.1
450,23020,51.15556,-0.09666666,175,0.3685292,0.1
451,23045,51.09756,-0.08980044,175,0.3686546,0.1
452,23072,51.04425,-0.1227876,175,0.3681712,0.1
453,23101,50.99559,-0.03642384,175,0.3679562,0.1
454,23130,50.94714,0.01431718,175,0.3677155,0.1
455,23159,50.8989,0.04725275,175,0.3679284,0.1
456,23188,50.85088,0.02741228,175,0.3679208,0.1
457,23215,50.79869,0.01203501,175,0.3680582,0.1
458,23244,50.75109,0.07969432,175,0.367553,0.1
459,23273,50.7037,0.1122004,175,0.3670778,0.1
460,23302,50.65652,0.1271739,175,0.3673841,0.1
461,23325,50.59653,0.137744,175,0.3671711,0.1
462,23347,50.53463,0.1590909,175,0.3673445,0.1
463,23376,50.48812,0.1565875,175,0.3672513,0.1
464,23403,50.4375,0.1584052,175,0.3668652,0.1
465,23431,50.38925,0.2526882,175,0.3671233,0.1
466,23460,50.34335,0.1641631,175,0.3673148,0.1
467,23490,50.29979,0.1680942,175,0.3669095,0.1
468,23519,50.25427,0.1826923,175,0.3663974,0.1
469,23547,50.20682,0.2420043,175,0.3662118,0.1
470,23576,50.1617,0.2734042,175,0.3665433,0.1
471,23605,50.11677,0.2707006,175,0.3661917,0.1
472,23634,50.07203,0.3019068,175,0.3654209,0.1
473,23663,50.02748,0.2991543,175,0.3656068,0.1
474,23692,49.98312,0.3132911,175,0.3661401,0.1
475,23722,49.94105,0.3336842,175,0.3662882,0.1
476,23751,49.89706,0.3476891,175,0.365877,0.1
477,23778,49.84906,0.3658281,175,0.3657487,0.1
478,23803,49.79707,0.3211297,175,0.3657463,0.1
479,23832,49.75365,0.3016701,175,0.3653427,0.1
480,23861,49.71041,0.265625,175,0.3657653,0.1
481,23890,49.66736,0.2796258,175,0.3653426,0.1
482,23920,49.62656,0.2665975,175,0.3651685,0.1
483,23947,49.57971,0.2349896,175,0.3647609,0.1
484,23976,49.53719,0.232438,175,0.3643491,0.1
485,24005,49.49485,0.2134021,175,0.3642617,0.1
486,24034,49.45267,0.2273663,175,0.3639131,0.1
487,24063,49.41068,0.2412731,175,0.3637895,0.1
488,24092,49.36885,0.255123,175,0.3638411,0.1
489,24120,49.32515,0.2300614,175,0.3642291,0.1
490,24149,49.28367,0.2112245,175,0.3643813,0.1
491,24177,49.24033,0.2678208,175,0.3633278,0.1
492,24205,49.19715,0.2428862,175,0.3633915,0.1
493,24233,49.15416,0.2829615,175,0.3636974,0.1
494,24260,49.10931,0.3168016,175,0.3639064,0.1
495,24286,49.06263,0.3121212,175,0.3633774,0.1
496,24314,49.02016,0.2711694,175,0.3635597,0.1
497,24341,48.97586,0.3692153,175,0.3635994,0.1
498,24369,48.93373,0.2801205,175,0.363812,0.1
499,24396,48.88978,0.2975952,175,0.363478,0.1
500,24423,48.846,0.283,175,0.3630634,0.1
501,24450,48.80239,0.3003992,175,0.3632316,0.1
502,24478,48.76096,0.2599601,175,0.3627736,0.1
503,24505,48.71769,0.277336,175,0.3628849,0.1
504,24532,48.6746,0.2628968,175,0.3630081,0.1
505,24560,48.63366,0.2544554,175,0.362748,0.1
506,24586,48.58893,0.2658103,175,0.3628879,0.1
507,24613,48.54635,0.2514793,175,0.3629394,0.1
508,24640,48.50394,0.2844488,175,0.362741,0.1
509,24667,48.46169,0.2387033,175,0.362787,0.1
510,24694,48.41961,0.2401961,175,0.3621036,0.1
511,24720,48.37573,0.2671233,175,0.3617995,0.1
512,24746,48.33203,0.2626953,175,0.3618727,0.1
513,24773,48.29045,0.248538,175,0.3618944,0.1
514,24800,48.24903,0.2344358,175,0.3620555,0.1
515,24827,48.20777,0.1893204,175,0.3618203,0.1
516,24853,48.16473,0.2315892,175,0.3616667,0.1
517,24880,48.12379,0.3259188,175,0.3611922,0.1
518,24908,48.08494,0.3021235,175,0.3609335,0.1
519,24935,48.04432,0.3034682,175,0.3610404,0.1
520,24962,48.00385,0.2894231,175,0.3610533,0.1
521,24990,47.96545,0.2504798,175,0.3609484,0.1
522,25017,47.92529,0.23659,175,0.3610992,0.1
523,25044,47.88528,0.2686425,175,0.3612212,0.1
524,25071,47.84542,0.3158397,175,0.3610784,0.1
525,25099,47.80762,0.292381,175,0.3611859,0.1
526,25126,47.76806,0.263308,175,0.3612302,0.1
527,25152,47.72676,0.3197343,175,0.361153,0.1
528,25177,47.68371,0.3248106,175,0.361358,0.1
529,25204,47.64461,0.3109641,175,0.3615412,0.1
530,25231,47.60566,0.3273585,175,0.3619019,0.1
531,25259,47.56874,0.2740113,175,0.3622346,0.1
532,25286,47.53008,0.2453008,175,0.361919,0.1
533,25313,47.49156,0.2317073,175,0.3614033,0.1
534,25340,47.45318,0.2031835,175,0.3609847,0.1
535,25368,47.41682,0.2401869,175,0.3606145,0.1
536,25396,47.3806,0.2770523,175,0.3600405,0.1
537,25423,47.34264,0.2783985,175,0.3595729,0.1
538,25450,47.30483,0.2648699,175,0.3592819,0.1
539,25478,47.26902,0.3460111,175,0.3589326,0.1
540,25505,47.23148,0.3472222,175,0.3592439,0.1
541,25530,47.19039,0.3456562,175,0.3592452,0.1
542,25557,47.15314,0.3321033,175,0.3595808,0.1
543,25584,47.11602,0.3186004,175,0.3594877,0.1
544,25610,47.07721,0.2996323,175,0.3593601,0.1
545,25634,47.03486,0.3431193,175,0.3594169,0.1
546,25660,46.99634,0.3827839,175,0.3596539,0.1
547,25687,46.95978,0.3546618,175,0.359737,0.1
548,25713,46.92153,0.3795621,175,0.3599404,0.1
549,25740,46.88525,0.3661202,175,0.3597545,0.1
550,25766,46.84727,0.3618182,175,0.3599975,0.1
551,25791,46.80762,0.337568,175,0.360247,0.1
552,25818,46.77174,0.3677536,175,0.3605897,0.1
553,25845,46.73598,0.4267631,175,0.3609385,0.1
554,25871,46.69855,0.4368231,175,0.3608,0.1
555,25897,46.66126,0.4036036,175,0.3607884,0.1
556,25923,46.6241,0.4424461,175,0.3610236,0.1
557,25950,46.58887,0.4003591,175,0.3612515,0.1
558,25975,46.55018,0.390681,175,0.3605373,0.1
559,26000,46.51163,0.4669052,175,0.3608446,0.1
560,26027,46.47679,0.4535714,175,0.3605303,0.1
561,26050,46.43494,0.4331551,175,0.3601907,0.1
562,26076,46.39857,0.5284697,175,0.360593,0.1
563,26100,46.35879,0.5275311,175,0.3603823,0.1
564,26127,46.32447,0.5283688,175,0.3601667,0.1
565,26152,46.28672,0.5327433,175,0.3600408,0.1
566,26178,46.25089,0.5282686,175,0.3602009,0.1
567,26203,46.21341,0.6313933,175,0.360324,0.1
568,26229,46.17782,0.6549296,175,0.3602629,0.1
569,26254,46.1406,0.6309314,175,0.360128,0.1
570,26280,46.10526,0.668421,175,0.3604406,0.1
571,26305,46.0683,0.6444834,175,0.3606554,0.1
572,26330,46.03147,0.6066434,175,0.3607703,0.1
573,26355,45.99477,0.5968586,175,0.3608127,0.1
574,26380,45.95819,0.6010453,175,0.3605972,0.1
575,26400,45.91304,0.6069565,175,0.3603384,0.1
576,26424,45.875,0.5920139,175,0.3598534,0.1
577,26449,45.83882,0.6239168,175,0.3592891,0.1
578,26472,45.79931,0.6176471,175,0.3591682,0.1
579,26497,45.76339,0.5803109,175,0.359183,0.1
580,26521,45.72586,0.5655172,175,0.3593071,0.1
581,26547,45.69191,0.5611016,175,0.3590205,0.1
582,26570,45.65292,0.5274914,175,0.3589208,0.1
583,26594,45.61578,0.5951973,175,0.3582409,0.1
584,26619,45.58048,0.599315,175,0.358522,0.1
585,26643,45.54359,0.5982906,175,0.3584307,0.1
586,26667,45.50682,0.5836177,175,0.3577048,0.1
587,26690,45.46848,0.5502555,175,0.3578875,0.1
588,26715,45.43367,0.5272109,175,0.3574417,0.1
589,26740,45.39898,0.5042445,175,0.3570103,0.1
590,26764,45.36271,0.5169492,175,0.3570326,0.1
591,26789,45.32826,0.4805415,175,0.3571305,0.1
592,26813,45.29223,0.4662162,175,0.3570616,0.1
593,26838,45.25801,0.4435076,175,0.3565912,0.1
594,26860,45.21886,0.4326599,175,0.3565201,0.1
595,26885,45.18488,0.3966387,175,0.3563228,0.1
596,26910,45.15101,0.4144295,175,0.356492,0.1
597,26934,45.11558,0.4137353,175,0.3567413,0.1
598,26959,45.08194,0.3913043,175,0.3567604,0.1
599,26983,45.04675,0.4307179,175,0.3563567,0.1
600,27008,45.01333,0.5016667,175,0.3564259,0.1
601,27032,44.97837,0.4875208,175,0.3563189,0.1
602,27057,44.94518,0.5315614,175,0.3564799,0.1
603,27082,44.91211,0.5356551,175,0.3566417,0.1
604,27108,44.88079,0.5314569,175,0.35698,0.1
605,27133,44.84793,0.5487604,175,0.3565877,0.1
606,27158,44.81518,0.5792079,175,0.3566529,0.1
607,27183,44.78254,0.6227348,175,0.3565991,0.1
608,27209,44.75164,0.5657895,175,0.3567597,0.1
609,27234,44.71921,0.5697865,175,0.3563839,0.1
610,27260,44.68853,0.5131148,175,0.3566077,0.1
611,27281,44.64975,0.4713584,175,0.356318,0.1
612,27306,44.61765,0.4624183,175,0.3564988,0.1
613,27331,44.58564,0.4274062,175,0.3565833,0.1
614,27357,44.55537,0.3713355,175,0.3568816,0.1
615,27381,44.52195,0.3447154,175,0.3568161,0.1
616,27407,44.49188,0.3538961,175,0.3567973,0.1
617,27431,44.45867,0.3792545,175,0.3566269,0.1
618,27457,44.4288,0.3883495,175,0.3568274,0.1
619,27482,44.39742,0.3796446,175,0.356981,0.1
620,27508,44.36774,0.4016129,175,0.3569562,0.1
621,27533,44.33656,0.4057971,175,0.3568802,0.1
622,27557,44.30386,0.4180064,175,0.3566491,0.1
623,27582,44.27287,0.3836276,175,0.3561194,0.1
624,27607,44.24199,0.3878205,175,0.3557711,0.1
625,27631,44.2096,0.4256,175,0.3560152,0.1
626,27657,44.18051,0.4217252,175,0.3559894,0.1
627,27680,44.14673,0.4162679,175,0.3559914,0.1
628,27702,44.11147,0.4315287,175,0.3559677,0.1
629,27727,44.08108,0.4228935,175,0.355567,0.1
630,27752,44.05079,0.4142857,175,0.3556755,0.1
631,27776,44.01902,0.362916,175,0.355873,0.1
632,27801,43.98893,0.3797468,175,0.355727,0.1
633,27826,43.95893,0.4091627,175,0.3558958,0.1
634,27850,43.92744,0.4211356,175,0.3557572,0.1
635,27875,43.89764,0.4125984,175,0.356102,0.1
636,27900,43.86792,0.3789308,175,0.355885,0.1
637,27924,43.83673,0.3657771,175,0.3551211,0.1
638,27949,43.80721,0.3699059,175,0.35504,0.1
639,27973,43.77621,0.3693271,175,0.3547863,0.1
640,27997,43.74531,0.39375,175,0.3545882,0.1
641,28022,43.71607,0.4102964,175,0.3548379,0.1
642,28048,43.68847,0.4190031,175,0.3547941,0.1
643,28073,43.65941,0.4852255,175,0.3548957,0.1
644,28095,43.62578,0.5124224,175,0.3549653,0.1
645,28120,43.5969,0.516279,175,0.3549665,0.1
646,28144,43.56656,0.4907121,175,0.3550581,0.1
647,28169,43.53787,0.5069552,175,0.3551672,0.1
648,28193,43.50772,0.5308642,175,0.3548337,0.1
649,28218,43.4792,0.5100154,175,0.3551776,0.1
650,28242,43.44923,0.5215384,175,0.3553577,0.1
651,28267,43.42089,0.5130568,175,0.3553606,0.1
652,28290,43.38957,0.4953988,175,0.35555,0.1
653,28315,43.36141,0.5114855,175,0.3556218,0.1
654,28339,43.33181,0.559633,175,0.355441,0.1
655,28362,43.30076,0.578626,175,0.3553721,0.1
656,28386,43.27134,0.6387195,175,0.3546841,0.1
657,28410,43.24201,0.6255708,175,0.3543485,0.1
658,28432,43.20973,0.6519757,175,0.354497,0.1
659,28455,43.17906,0.6585736,175,0.3548072,0.1
660,28478,43.14848,0.6287879,175,0.3549725,0.1
661,28500,43.11649,0.6308624,175,0.3547755,0.1
662,28523,43.0861,0.6253777,175,0.3545714,0.1
663,28547,43.05732,0.6244344,175,0.3542433,0.1
664,28570,43.02711,0.6189759,175,0.3544482,0.1
665,28594,42.9985,0.6421053,175,0.3540669,0.1
666,28618,42.96997,0.6531532,175,0.3542525,0.1
667,28641,42.94003,0.6836582,175,0.3545136,0.1
668,28664,42.91018,0.6661677,175,0.3544178,0.1
669,28688,42.88191,0.6890882,175,0.3546154,0.1
670,28710,42.85075,0.702985,175,0.3540531,0.1
671,28733,42.82116,0.7213115,175,0.3541584,0.1
672,28757,42.79316,0.7321429,175,0.3543661,0.1
673,28780,42.76374,0.7147102,175,0.3545769,0.1
674,28803,42.73442,0.6973294,175,0.3545365,0.1
675,28827,42.70667,0.7318519,175,0.3546354,0.1
676,28850,42.67751,0.7263314,175,0.3546721,0.1
677,28871,42.6455,0.7119645,175,0.3547832,0.1
678,28894,42.61652,0.7536873,175,0.3550069,0.1
679,28917,42.58763,0.7599411,175,0.3546271,0.1
680,28940,42.55882,0.8014706,175,0.3548022,0.1
681,28961,42.52716,0.8340675,175,0.3546206,0.1
682,28985,42.5,0.8328446,175,0.3545097,0.1
683,29008,42.47145,0.8389458,175,0.3544101,0.1
684,29030,42.44152,0.875731,175,0.3544986,0.1
685,29053,42.41314,0.8583941,175,0.3545368,0.1
686,29077,42.3863,0.845481,175,0.3546256,0.1
687,29100,42.35808,0.8515284,175,0.3544195,0.1
688,29124,42.33139,0.8968023,175,0.3545807,0.1
689,29148,42.30479,0.8606676,175,0.3542146,0.1
690,29171,42.27681,0.9130435,175,0.3540744,0.1
691,29195,42.25036,0.9001447,175,0.3542238,0.1
692,29219,42.22399,0.8757225,175,0.3541568,0.1
693,29241,42.19481,0.9004329,175,0.3542873,0.1
694,29262,42.16426,0.8976945,175,0.3542871,0.1
695,29286,42.13813,0.8964029,175,0.35364,0.1
696,29309,42.11063,0.8678161,175,0.3538606,0.1
697,29330,42.08035,0.876614,175,0.3539926,0.1
698,29354,42.05444,0.8638968,175,0.3538648,0.1
699,29377,42.02718,0.8240343,175,0.3540854,0.1
700,29400,42,0.8414286,175,0.353969,0.1
701,29422,41.97147,0.831669,175,0.3538855,0.1
702,29445,41.94444,0.8034188,175,0.3537934,0.1
703,29469,41.91892,0.7795163,175,0.3538424,0.1
704,29492,41.89204,0.7514204,175,0.3536487,0.1
705,29516,41.86666,0.7163121,175,0.3537382,0.1
706,29540,41.84136,0.7379603,175,0.3536988,0.1
707,29563,41.81471,0.7213578,175,0.3539092,0.1
708,29587,41.78955,0.6977401,175,0.3540768,0.1
709,29610,41.76305,0.7263752,175,0.3536517,0.1
710,29632,41.73521,0.7507042,175,0.3535097,0.1
711,29654,41.70745,0.7299578,175,0.3537589,0.1
712,29678,41.68258,0.6839887,175,0.3533863,0.1
713,29697,41.65077,0.6956522,175,0.3534395,0.1
714,29720,41.62465,0.7352941,175,0.3533388,0.1
715,29743,41.5986,0.7412587,175,0.3532708,0.1
716,29767,41.57402,0.7625698,175,0.353311,0.1
717,29790,41.54812,0.735007,175,0.3529713,0.1
718,29814,41.52368,0.7674094,175,0.3530705,0.1
719,29838,41.49931,0.7552156,175,0.3530689,0.1
720,29850,41.45833,0.6819444,175,0.3522387,0.1
721,29873,41.43273,0.6879334,175,0.3519669,0.1
722,29896,41.4072,0.7049862,175,0.3518078,0.1
723,29919,41.38174,0.7441217,175,0.3518334,0.1
724,29941,41.35497,0.7458563,175,0.3514442,0.1
725,29962,41.3269,0.7986207,175,0.3512096,0.1
726,29986,41.30303,0.8305785,175,0.3512587,0.1
727,30008,41.27648,0.8101788,175,0.351024,0.1
728,30029,41.24863,0.8296703,175,0.3509435,0.1
729,30050,41.22085,0.8381344,175,0.350985,0.1
730,30072,41.19452,0.839726,175,0.3509741,0.1
731,30094,41.16826,0.8194255,175,0.350939,0.1
732,30117,41.14344,0.8251366,175,0.3509987,0.1
733,30139,41.11732,0.7939973,175,0.350936,0.1
734,30160,41.08992,0.8024523,175,0.3508495,0.1
735,30182,41.06395,0.7823129,175,0.3505277,0.1
736,30203,41.03669,0.7690217,175,0.3502377,0.1
737,30226,41.01221,0.7639077,175,0.3501575,0.1
738,30248,40.98645,0.7283198,175,0.3501947,0.1
739,30270,40.96076,0.6975643,175,0.3501686,0.1
740,30291,40.93378,0.6736487,175,0.3496996,0.1
741,30312,40.90688,0.6390014,175,0.3492912,0.1
742,30333,40.88005,0.6367925,175,0.3492375,0.1
743,30353,40.85195,0.6520861,175,0.3492416,0.1
744,30374,40.82527,0.6498656,175,0.3488475,0.1
745,30396,40.8,0.6302013,175,0.3486669,0.1
746,30419,40.77614,0.6575067,175,0.3486207,0.1
747,30431,40.73762,0.6726907,175,0.3488141,0.1
748,30440,40.69519,0.6925133,175,0.3488981,0.1
749,30449,40.65287,0.716956,175,0.3483877,0.1
750,30464,40.61867,0.712,175,0.3482932,0.1
751,30482,40.58855,0.713715,175,0.3481042,0.1
752,30503,40.5625,0.7007979,175,0.3479512,0.1
753,30525,40.53785,0.7025232,175,0.3477786,0.1
754,30547,40.51326,0.7360743,175,0.3478494,0.1
755,30569,40.48874,0.7377483,175,0.3475676,0.1
756,30590,40.46296,0.7354497,175,0.3476579,0.1
757,30612,40.43857,0.7265522,175,0.3472999,0.1
758,30634,40.41425,0.7176781,175,0.3475936,0.1
759,30656,40.38999,0.6982872,175,0.3475305,0.1
760,30673,40.35921,0.6861842,175,0.3474691,0.1
761,30695,40.33509,0.6879106,175,0.3475434,0.1
762,30717,40.31102,0.6686352,175,0.3475711,0.1
763,30740,40.28833,0.6743119,175,0.3475118,0.1
764,30761,40.26309,0.6721204,175,0.3476995,0.1
765,30784,40.24052,0.6673203,175,0.3478801,0.1
766,30806,40.21671,0.6377285,175,0.3475726,0.1
767,30829,40.19426,0.6329857,175,0.347183,0.1
768,30850,40.16927,0.6412761,175,0.3469884,0.1
769,30871,40.14434,0.6495448,175,0.3461716,0.1
770,30893,40.12078,0.6305195,175,0.3458619,0.1
771,30915,40.09727,0.6219196,175,0.3455456,0.1
772,30937,40.07383,0.6237047,175,0.3453115,0.1
773,30959,40.05045,0.6358344,175,0.344831,0.1
774,30977,40.02197,0.6324289,175,0.3446228,0.1
775,30994,39.99226,0.6251613,175,0.3440387,0.1
776,31010,39.96134,0.6243557,175,0.3437919,0.1
777,31025,39.92921,0.6093951,175,0.3435458,0.1
778,31040,39.89717,0.6047558,175,0.3429025,0.1
779,31055,39.86521,0.6103979,175,0.3426468,0.1
780,31070,39.83333,0.575,175,0.3422819,0.1
781,31087,39.8041,0.5883483,175,0.3418379,0.1
782,31103,39.77366,0.5773658,175,0.3416972,0.1
783,31119,39.74329,0.545977,175,0.3413162,0.1
784,31135,39.71301,0.5350766,175,0.3411535,0.1
785,31150,39.68153,0.4592357,175,0.3405372,0.1
786,31166,39.6514,0.4382952,175,0.3401839,0.1
787,31181,39.62008,0.3932656,175,0.3396238,0.1
788,31197,39.5901,0.3826142,175,0.3393178,0.1
789,31212,39.55894,0.3580482,175,0.3391827,0.1
790,31229,39.53038,0.3411392,175,0.3388143,0.1
791,31245,39.50063,0.3204804,175,0.3386101,0.1
792,31261,39.47096,0.2796717,175,0.337991,0.1
793,31277,39.44136,0.2692308,175,0.3377756,0.1
794,31292,39.41058,0.2651134,175,0.3376231,0.1
795,31309,39.38239,0.2685535,175,0.3373538,0.1
796,31325,39.35302,0.2682161,175,0.3370384,0.1
797,31341,39.32372,0.2678795,175,0.336814,0.1
798,31356,39.29323,0.2738095,175,0.3367172,0.1
799,31371,39.26283,0.2797247,175,0.33613,0.1
800,31388,39.235,0.253125,175,0.3356998,0.1
